{
  "title": "Breaking Down the Monolith with the Help of Distributed Tracing",
  "description": "Learn tools and techniques to breaking apart monoliths into smaller microservices",
  "details": {
    "steps": [
      {
        "title": "Your First Day",
        "text": "step1.md"
      },
      {
        "title": "Up and Running",
        "text": "step2.md"
      },
      {
        "title": "Exploring Our Services",
        "text": "step3.md"
      },
      {
        "title": "Connecting The Dots",
        "text": "step4.md"
      },
      {
        "title": "A Watchful Eye",
        "text": "step5.md"
      },
      {
        "title": "Testing for Resilience",
        "text": "step6.md"
      }
    ],
    "intro": {
      "text": "intro.md",
      "code": "foreground.sh",
      "courseData": "background.sh"
    },
    "finish": {
      "text": "finish.md"
    }
  },
  "environment": {
    "uilayout": "editor-terminal",
    "uieditorpath": "/ecommerce-observability",
    "hideHiddenFiles": true,
    "exclusionPatterns": ["**/store-frontend/tmp/*", "**/store-frontend/log/*"],
    "showdashboard": true,
    "dashboards": [{"name": "storedog", "port": 3000}]
  },
  "backend": {
    "imageid": "datadog-ubuntu"
  }
}
